model_name,roc_auc,precision,recall,f1,best_threshold,best_sensitivity_proxy
Cut-based,0.9952642916666666,0.9986541049798116,0.24733333333333332,0.39647341704515093,0.7926421404682275,741.999999629
XGBoost,0.9997457222222222,0.9983471074380166,0.8053333333333333,0.8915129151291513,0.9966555183946488,1207.999999849
ANN,0.9997942777777779,0.9995665366276549,0.7686666666666667,0.8690408893913699,0.9966555183946488,2305.999998847
CNN,1.0,0.2,1.0,0.3333333333333333,0.0,19.999999999998437
